groupid,name,estimate0,estimate1,estimate,lower,upper,prob1,prob2
1,austin,0.5614405242125631,0.5634163759700467,0.001891740993328006,-0.006839127375995952,0.010949793449219364,0.338,0.676
1,boston,0.5137872866644153,0.5166617897873611,0.0028363777851953542,-0.007075425756934211,0.0136817293785385,0.267,0.534
1,charlotte,0.4585033546863009,0.4603631941615459,0.0016163284169182501,-0.006546969842473455,0.010819086022759933,0.357,0.714
1,chicago,0.4897606685023606,0.49696874394575424,0.007165745093436732,0.002394378125503775,0.012102887841241371,0.003,0.006
1,columbus,0.5600564059132273,0.5622541074907274,0.0022344747165777834,-0.005892109046923177,0.010234745115290635,0.301,0.602
1,dallas,0.44140555370377194,0.44246087791026667,0.0010394761489593562,-0.005547717435670965,0.007660104420938254,0.377,0.754
1,dc,0.6250400014003265,0.62528510950889,2.3966613647469215e-4,-0.009494174405749558,0.00954011766454248,0.484,0.968
1,denver,0.5731139444565059,0.5744585348644381,0.0012826416672848118,-0.009274855674760904,0.01152675396884976,0.403,0.806
1,el_paso,0.4627147019742436,0.4624171665124879,-2.547810882660151e-4,-0.012543017657527416,0.010632827699440331,0.48,0.96
1,fort_worth,0.4473405469918426,0.4490078595535605,0.0018340364563101952,-0.007036772958579354,0.01052419197602958,0.347,0.694
1,houston,0.46077255454257693,0.4614825919677138,7.993014150764477e-4,-0.003610850514539425,0.00514986759115797,0.355,0.71
1,indianapolis,0.5327196539446519,0.5348227997664174,0.002067770151220394,-0.0069783159287557205,0.011079736091020916,0.332,0.664
1,jacksonville,0.5311875497107941,0.5322961839702892,0.00114822661854741,-0.008809744150618104,0.011341628757448426,0.401,0.802
1,la,0.428771797910762,0.43257178861587015,0.0039013842505932206,-9.325726863326319e-4,0.008658486967259875,0.052,0.104
1,nashville,0.5564173216715598,0.5577249259993966,0.0016897545082242837,-0.009013826680080701,0.012182357114072,0.38,0.76
1,nyc,0.4337307611947294,0.4518851623526959,0.018244508643615653,0.015355090527322774,0.021367366585171698,0,0
1,oklahoma,0.5417783879697233,0.5431272644486023,0.0013863268746844848,-0.007468051743908568,0.009701810218927912,0.37,0.74
1,philadelphia,0.5081450581915641,0.5134233865864024,0.005237712963146235,-0.002031739006391861,0.012540849105018896,0.088,0.176
1,phoenix,0.44765170007661165,0.4511686579923989,0.003595540710660483,-0.0030563662443428884,0.010303659382611243,0.158,0.316
1,portland,0.5316981566467112,0.5327982892857659,0.001132790069736378,-0.01016196868538014,0.011299956894112985,0.433,0.866
1,san_antonio,0.48506667967641415,0.4863008021348666,0.0012945509679392342,-0.006331062643322859,0.008691312021677848,0.354,0.708
1,san_diego,0.5004818249715622,0.5023504957947844,0.001970402330022464,-0.005286860996071126,0.009197127972510507,0.309,0.618
1,san_francisco,0.5316034846239939,0.5329216318426963,0.0014990262611564442,-0.008097546267892077,0.010905765014638982,0.382,0.764
1,san_jose,0.46269528037485846,0.4659811181387703,0.0034224361023418026,-0.005702569844370573,0.011643607172264805,0.241,0.482
1,seattle,0.5811917599759702,0.5845135466904414,0.003244072765125894,-0.006925028700345534,0.013228927894719382,0.26,0.52
2,austin,0.47790058476893094,0.47694860565337527,-9.404110072913363e-4,-0.010864405705904318,0.00887453687713577,0.432,0.864
2,boston,0.4534694132029529,0.45309605536248077,-4.750812023803508e-4,-0.01140978296982394,0.010737966216450144,0.465,0.93
2,charlotte,0.5065180577063502,0.506100726907426,-4.7639492361883917e-4,-0.011173518094538237,0.009601727099226633,0.467,0.934
2,chicago,0.5061729556560534,0.5042212557119872,-0.0020214672909356635,-0.0074418890015295275,0.003478829438677749,0.246,0.492
2,columbus,0.5568388395368123,0.5552497774881928,-0.001789285035293131,-0.010349179210223967,0.008453318256925395,0.353,0.706
2,dallas,0.46975232082607365,0.4673093336803206,-0.0022253509198010557,-0.010294459446861769,0.005012808347134279,0.286,0.572
2,dc,0.5052392083118203,0.5038196542437201,-0.0016933581835584244,-0.012422708252149996,0.009514926980815006,0.406,0.812
2,denver,0.4878165411209111,0.48640972064165056,-0.0015920645950101286,-0.01363978243719536,0.01041597090659088,0.41,0.82
2,el_paso,0.48236024283042156,0.47827820228678536,-0.0038896772946088454,-0.016943119413228583,0.008802870650879962,0.28,0.56
2,fort_worth,0.5062419485331913,0.5040857168325272,-0.002445367676282284,-0.012139380100753897,0.009058417536288116,0.323,0.646
2,houston,0.4758494059860442,0.4735439435901284,-0.0023862049884207648,-0.007511358714847584,0.002899188965163559,0.195,0.39
2,indianapolis,0.5352586693983603,0.535061485588082,-5.120411462743446e-4,-0.010163784159595183,0.00934416900720988,0.472,0.944
2,jacksonville,0.5337227489983067,0.5326167213754912,-0.0014577584425088386,-0.012239839838623812,0.010393623922191937,0.405,0.81
2,la,0.43919373766192593,0.4351327746121237,-0.004025905245221034,-0.008930384050494566,9.06392381165611e-4,0.059,0.118
2,nashville,0.5187778884088894,0.5186337204261214,6.345474767238679e-5,-0.012775335634849672,0.012258278524756711,0.496,0.992
2,nyc,0.44488321658328844,0.4440181903493622,-9.265273978947552e-4,-0.004214770878467384,0.0024394591193254915,0.304,0.608
2,oklahoma,0.5245428997085324,0.5228654785781033,-0.0018193130251528689,-0.011377924297946235,0.008056241881653544,0.393,0.786
2,philadelphia,0.517811064813042,0.5139887855679375,-0.0038853429835681297,-0.011952449004721125,0.0040930053616483825,0.181,0.362
2,phoenix,0.4903006870837723,0.4880347350238655,-0.0022395134286058715,-0.0101659324450986,0.005705172875149315,0.301,0.602
2,portland,0.5081759062894584,0.5063659836490401,-0.0018906647627029982,-0.014114726222216056,0.01005115895956618,0.377,0.754
2,san_antonio,0.4897568903129299,0.48622082466252065,-0.003444723840786923,-0.012132967857162185,0.0049850587801887085,0.22,0.44
2,san_diego,0.4833738753928677,0.48152914444346107,-0.001901163274341311,-0.010274847892726416,0.006626696289041199,0.322,0.644
2,san_francisco,0.42370615592088506,0.42109425448895554,-0.00252883544704699,-0.012671342680127814,0.007781742615929065,0.318,0.636
2,san_jose,0.4426757690541353,0.4407364780978995,-0.0016863362616546806,-0.011800880150951747,0.007956047291094424,0.366,0.732
2,seattle,0.48901514738080104,0.4872057409370084,-0.0019380740356148285,-0.013361169130490192,0.009641193615183546,0.367,0.734
3,austin,0.6640850823155935,0.670047352235469,0.006151082589325951,-0.01679854943449416,0.025333033311426587,0.269,0.538
3,boston,0.5798476436467912,0.5853151880001717,0.005260695035382901,-0.019609322847660888,0.027725985749651766,0.345,0.69
3,charlotte,0.4144050624810012,0.418969084680596,0.0046149124395799546,-0.017110541397187047,0.027420752036565046,0.327,0.654
3,chicago,0.37705795666188224,0.3965328347243224,0.019561174018268485,0.008798493068317459,0.030887338887952608,0,0
3,columbus,0.5904105364427369,0.6040223612036227,0.01353032429182699,-0.006463795703677386,0.03361327871720831,0.079,0.158
3,dallas,0.37505902589547857,0.3831391832929777,0.007800786941176474,-0.00813029682753117,0.024883200231387705,0.153,0.306
3,dc,0.6430946359991465,0.6475015832180706,0.004332749361286969,-0.019227532484391643,0.028374513838770883,0.382,0.764
3,denver,0.5464413641318151,0.5565901896235871,0.01000305565790599,-0.0165355459158726,0.03841287955786408,0.26,0.52
3,el_paso,0.3268992370142568,0.3327163603246651,0.005915982181221774,-0.01877811395707059,0.03183779189280255,0.328,0.656
3,fort_worth,0.38246942105533455,0.38884898439469756,0.0069063206357611595,-0.015537470925741415,0.02922359590823035,0.285,0.57
3,houston,0.4524535016707405,0.4559790097137833,0.0034604625173410286,-0.008938527161408805,0.014860841663232219,0.277,0.554
3,indianapolis,0.5270523213600942,0.5331549705105159,0.005938699147621018,-0.01702873264465284,0.028907571980502866,0.316,0.632
3,jacksonville,0.4786315274779059,0.48337362847089915,0.004468626139495724,-0.020178282553715742,0.030329300179294236,0.371,0.742
3,la,0.3177044100730516,0.3411768601201681,0.02338307585772087,0.013223519765668153,0.03357171255350723,0,0
3,nashville,0.552313040095104,0.555859700487076,0.0028084274536797627,-0.024424704529305296,0.03204139801929504,0.414,0.828
3,nyc,0.28556601398858145,0.3285265372978994,0.04284484558893281,0.036389583494675096,0.04980591420952189,0,0
3,oklahoma,0.4850658927476844,0.4901411455007278,0.00541405944228851,-0.017575513302089386,0.028943570424801474,0.318,0.636
3,philadelphia,0.4473423026638317,0.46647764323219365,0.019086785596373085,0.00127690061707816,0.037202018503394996,0.019,0.038
3,phoenix,0.39728704071302234,0.4089547129486457,0.011254103927399645,-0.005540870365184119,0.0296586686570927,0.092,0.184
3,portland,0.5402254328453779,0.5475076910870337,0.007817395819246453,-0.017473453651963414,0.03329233849729015,0.291,0.582
3,san_antonio,0.38484426825260276,0.39297875816303396,0.007997137578300534,-0.010871406372278661,0.026707233332924067,0.186,0.372
3,san_diego,0.4180295362273603,0.42774762855153836,0.01036621288050718,-0.007391303638057367,0.027126095499309208,0.145,0.29
3,san_francisco,0.532880278907116,0.5445808243697323,0.0112290748805019,-0.012846355719916921,0.03599881658462476,0.188,0.376
3,san_jose,0.3602675055171593,0.37001456000490984,0.009685825585484004,-0.011851101811356157,0.029675228548993397,0.19,0.38
3,seattle,0.6004440773670111,0.6130275080091471,0.012008945795478565,-0.013290399209587531,0.03834767236365434,0.176,0.352
4,austin,0.5360961001713835,0.5366293779288289,5.320114730808512e-4,-0.017105569402838496,0.018729786952777883,0.479,0.958
4,boston,0.5105190986340045,0.5126198001207056,0.002338418599719394,-0.018800198153951352,0.02333062548032286,0.408,0.816
4,charlotte,0.45751005425989855,0.4584597505517484,0.0010818282787774525,-0.01828097108736659,0.019249937153433466,0.455,0.91
4,chicago,0.5900468017749112,0.5910132091012875,0.0011890315655686545,-0.008936907688154477,0.010885589942680662,0.41,0.82
4,columbus,0.5421345816285721,0.5401926962141658,-0.0017731466891271475,-0.01955489962928344,0.017647213616296523,0.415,0.83
4,dallas,0.4822662674720648,0.4825976421015966,-4.954766386472409e-5,-0.014410629749177539,0.013372921213254157,0.499,0.998
4,dc,0.727648085302471,0.7257343999065838,-0.001845012595381057,-0.01929781309592697,0.014997769430347667,0.414,0.828
4,denver,0.6813973973558829,0.6790635177070622,-0.002525434130769999,-0.023280387038418126,0.01774189906215146,0.415,0.83
4,el_paso,0.5757787442299606,0.5741366451177807,-0.0014083074552277974,-0.02531462967013987,0.023706615112821246,0.449,0.898
4,fort_worth,0.455479247970795,0.456388591870288,8.698424947571337e-4,-0.017107113854670127,0.021136218751787093,0.453,0.906
4,houston,0.45320949228570007,0.4548691486456534,0.0017478044136951532,-0.007921596526115066,0.010766151837850173,0.35,0.7
4,indianapolis,0.532951475450365,0.5344704876973094,0.0015020033191532334,-0.018127373075298846,0.020247906076288173,0.425,0.85
4,jacksonville,0.5804631388012085,0.5798515986061137,-5.412186515751372e-4,-0.020793119836330077,0.02096483908176687,0.476,0.952
4,la,0.5202509680298453,0.5153438843875884,-0.004896483648603067,-0.013616179414092466,0.004271630875681934,0.158,0.316
4,nashville,0.5991430987478822,0.6002574902804776,0.0011494965570724713,-0.020354022133143065,0.022989683348568858,0.463,0.926
4,nyc,0.5664272999394188,0.5741063072223321,0.00779956611505539,0.0011875100334021783,0.013480219976000317,0.01,0.02
4,oklahoma,0.6165526013679894,0.6165533589606073,-6.663270089307116e-4,-0.019157706356425733,0.018213822048431638,0.471,0.942
4,philadelphia,0.5622481940563551,0.5625123268645391,2.4191271958429184e-4,-0.014739820683274552,0.014993318329633711,0.486,0.972
4,phoenix,0.4604108782740871,0.46018211597254766,-1.1470752877620893e-4,-0.014715297792846433,0.01474300484454363,0.495,0.99
4,portland,0.5446266491578504,0.5435676105968388,-0.0011988066782709361,-0.024295051866530127,0.021254080279342613,0.466,0.932
4,san_antonio,0.5785817654685521,0.5780533446438729,-4.173224629553385e-4,-0.015281324113095145,0.01404348284846392,0.476,0.952
4,san_diego,0.6004484066563374,0.5977237566851004,-0.0027470639558441756,-0.017661601601307624,0.012608231776958972,0.365,0.73
4,san_francisco,0.637892092147867,0.6375600453233823,-3.890644458839354e-4,-0.01910824797617473,0.01772008066917222,0.482,0.964
4,san_jose,0.5874192109276104,0.5883352817892257,8.29024525692168e-4,-0.01837194211571537,0.01912493844080232,0.462,0.924
4,seattle,0.6494548825442275,0.6484918914668074,-0.0011572446158492622,-0.02022588757004334,0.01918791554597029,0.449,0.898
5,austin,0.5608780370521371,0.5609347328670705,-5.18169649449951e-5,-0.00854137708677747,0.00935949506674051,0.499,0.998
5,boston,0.5173754400401078,0.5179583172386955,6.446493021439181e-4,-0.009240483872720215,0.010985183865666562,0.446,0.892
5,charlotte,0.4589645568934808,0.4599626013879113,0.0010364913441731904,-0.0076314223412547256,0.00921455171126608,0.394,0.788
5,chicago,0.4897203356216785,0.49306462902822445,0.0033761667253454364,-0.0014248582582916335,0.007897746719526836,0.085,0.17
5,columbus,0.5595115213468251,0.5593286927517533,-1.382505427270364e-4,-0.008390631719492158,0.008206097164431955,0.479,0.958
5,dallas,0.44116382275447485,0.4413306265691534,1.7115204512099802e-4,-0.007008027065258447,0.006629945817726451,0.483,0.966
5,dc,0.6308247064914482,0.6295621304804386,-0.0011304761882284797,-0.010809456481295755,0.008272254942935873,0.395,0.79
5,denver,0.5722103575344513,0.571473070530805,-9.616946795629744e-4,-0.011435643383838892,0.010010659159342279,0.436,0.872
5,el_paso,0.45988800972793875,0.4590942708330008,-8.175442825875401e-4,-0.012499800461313751,0.010476521463212101,0.442,0.884
5,fort_worth,0.44469678950485214,0.4451986658046892,5.370959640246253e-4,-0.008280952671663531,0.009026167061586286,0.451,0.902
5,houston,0.4616428665212783,0.4611644342395592,-4.3229928381322e-4,-0.0048261443645479084,0.0038929274009496147,0.422,0.844
5,indianapolis,0.5317548082198335,0.5329600465299448,9.244189452776719e-4,-0.00789486636364243,0.009605823318598153,0.418,0.836
5,jacksonville,0.532045238285443,0.532493472482036,5.713602959949715e-4,-0.009474759383072934,0.010223024205256928,0.461,0.922
5,la,0.4294781258364354,0.4306923404446157,0.0011052572587353093,-0.003265710256115914,0.005491643294254612,0.308,0.616
5,nashville,0.5539816119460435,0.5544869752107127,6.75720469080987e-4,-0.009969811720291974,0.011445054196473153,0.431,0.862
5,nyc,0.4434169263848764,0.4503988444624053,0.006996084891946558,0.0038973829302422604,0.009982994389186648,0,0
5,oklahoma,0.5415140603019911,0.5407644869570801,-5.817008509182986e-4,-0.010342211128816736,0.008185920987693497,0.434,0.868
5,philadelphia,0.5092243219262018,0.5113216751367273,0.0020783332192786386,-0.004931196584184543,0.009408638598852628,0.284,0.568
5,phoenix,0.447573880953114,0.4499383352143551,0.002419088707550532,-0.00474636864922464,0.008598978548159624,0.231,0.462
5,portland,0.5302266711049646,0.5300000185526401,-1.3624902011893925e-4,-0.00986487097677191,0.010665470639679528,0.488,0.976
5,san_antonio,0.48599049354516033,0.4860188760810549,1.3674784571909848e-4,-0.0074318723031394,0.007647714113313514,0.488,0.976
5,san_diego,0.4996236744369755,0.4994433181445723,-2.7250921987892474e-4,-0.007863922963403146,0.0076495414897851275,0.475,0.95
5,san_francisco,0.5317457671537293,0.53144162630125,-5.198224072911484e-4,-0.010136162980806178,0.009089396183942167,0.465,0.93
5,san_jose,0.46310955516732316,0.4641385397721549,8.161439563140749e-4,-0.007853858318182248,0.010171780557879517,0.423,0.846
5,seattle,0.581062640334596,0.5814315006584928,3.508998754734871e-4,-0.009152329306713398,0.010425331894075646,0.475,0.95
6,austin,0.5610430458683816,0.5697588930935489,0.008800447045408721,-5.949400457191195e-4,0.017829460463041444,0.035,0.07
6,boston,0.5172908050483263,0.5204136968429098,0.003218243061547721,-0.007601868750945567,0.01386618248870565,0.262,0.524
6,charlotte,0.45865413581555214,0.46212693006247996,0.003609513473414039,-0.005340408267090473,0.012789951735363065,0.222,0.444
6,chicago,0.4898379588854662,0.5038481506071785,0.013997273829350482,0.009375755075708413,0.018751812539712736,0,0
6,columbus,0.5598090356848944,0.5632845340572656,0.0036357463793790235,-0.0042249005822851985,0.012116029152740387,0.193,0.386
6,dallas,0.4410124628014141,0.441244677470887,4.2582401533758363e-4,-0.006757504357761737,0.00689670800021801,0.457,0.914
6,dc,0.6306633471752475,0.6316470661947131,0.0012239395739426229,-0.007635203168425375,0.010333929945304143,0.41,0.82
6,denver,0.5722008519105605,0.57651385458994,0.0043244497111087354,-0.006162207771188654,0.014847061519049062,0.224,0.448
6,el_paso,0.4599817311331516,0.4603063451463448,3.606301316884941e-4,-0.011740877457699677,0.010642945292987923,0.477,0.954
6,fort_worth,0.4444462771280838,0.444215714827741,-3.990279358498938e-4,-0.009195284930525481,0.00851441861015813,0.466,0.932
6,houston,0.46153812306185293,0.4638131472228426,0.0022601147144760136,-0.002554835620820481,0.006684809050211806,0.174,0.348
6,indianapolis,0.5320109639120452,0.5394129547051001,0.007518544278438566,-0.001842544651842995,0.016345699667284695,0.05,0.1
6,jacksonville,0.5323949620610162,0.5381424277674074,0.005776554621625907,-0.003405675102448519,0.015695387973076347,0.123,0.246
6,la,0.4295182570476762,0.4318424862330033,0.002279516949114685,-0.0020441932501574635,0.006725657286524673,0.151,0.302
6,nashville,0.5540189136588538,0.55937274905251,0.005332732958949982,-0.005355568801190036,0.01632277996497931,0.16,0.32
6,nyc,0.4434783460635209,0.45657205310053095,0.013078053704281861,0.01012632083115724,0.016190968831310167,0,0
6,oklahoma,0.5415606750314952,0.5448241129964516,0.0033416235302596298,-0.005396652232766555,0.011607601864863407,0.219,0.438
6,philadelphia,0.5090791986556679,0.5183804382674893,0.009191839181201644,0.001460406198945233,0.016537752465033806,0.011,0.022
6,phoenix,0.4474534153449463,0.4571183061526388,0.009753068323683167,0.002900419546129686,0.016069677370548326,0.005,0.01
6,portland,0.5306473603302563,0.5309279467311595,3.5386525189817775e-4,-0.010356237225560623,0.010973973113023611,0.471,0.942
6,san_antonio,0.4860274865993086,0.4928478406606433,0.006751102423111333,-0.0011371793750485,0.01458974527063239,0.045,0.09
6,san_diego,0.49949156834031705,0.49969585876837186,2.4737117558804034e-4,-0.00750510157867655,0.007713229486436696,0.464,0.928
6,san_francisco,0.531927346631951,0.5349682524124344,0.003192314882883074,-0.006488528930196113,0.012090981108683417,0.262,0.524
6,san_jose,0.46324800927093956,0.46476529838973535,0.0014019390246453323,-0.007352669012213446,0.01050419353703488,0.375,0.75
6,seattle,0.5808916426992999,0.5850898037094366,0.004170118521206689,-0.0063266769526721936,0.01407129366147163,0.215,0.43
7,austin,0.5610968926805694,0.5625866568271385,0.0014663796506769189,-0.006575935443945321,0.010494580956825442,0.371,0.742
7,boston,0.5173623433081591,0.5158348851263861,-0.0016395311740832197,-0.011956097767922428,0.00937959614341113,0.378,0.756
7,charlotte,0.4589025030448551,0.46216434809213147,0.0034031692178890516,-0.0061810149900059785,0.011397527191807148,0.222,0.444
7,chicago,0.48975841290024386,0.4960413437896696,0.006142039637382746,0.0012530264644238648,0.011153389546371415,0.004,0.008
7,columbus,0.5599238668569426,0.5602830152296734,3.844683964982498e-4,-0.007721570650490646,0.008049902071929366,0.46,0.92
7,dallas,0.44124310298661806,0.44341888654787265,0.002149059065031461,-0.0048055809916480365,0.008663844260867483,0.265,0.53
7,dc,0.6306823782518556,0.6232312788324988,-0.007606617968696772,-0.017049290927778644,0.0021086202625212854,0.059,0.118
7,denver,0.5724629830730288,0.5715998134100481,-9.704938594669588e-4,-0.0113731598846598,0.009694628640997346,0.427,0.854
7,el_paso,0.4598522024982411,0.4585415511853842,-0.0012852373185133492,-0.01296522007477575,0.010342681590802653,0.414,0.828
7,fort_worth,0.4446682002566611,0.4449719896389969,8.147656361359723e-5,-0.0077829039421714995,0.009035287947846292,0.495,0.99
7,houston,0.46155012967739206,0.46460214179497294,0.00302984171349277,-0.001506313790964718,0.007472220177838675,0.095,0.19
7,indianapolis,0.5321588639186811,0.5340542853497896,0.0018861035795418868,-0.006787012091606298,0.01003528170022413,0.351,0.702
7,jacksonville,0.5321558885313707,0.5342781688150775,0.0023806019315746885,-0.008173114494544824,0.01195701557153045,0.326,0.652
7,la,0.4295548472590253,0.43188526665066806,0.0022543555770018764,-0.002275582759525453,0.006970388550634411,0.16,0.32
7,nashville,0.5540390315280264,0.5545662171236567,6.2303236858402e-4,-0.010722790782228075,0.012299935127645227,0.464,0.928
7,nyc,0.44352244115704276,0.44249508981429586,-0.0010682530237393906,-0.004047890849150808,0.0020021593563167477,0.256,0.512
7,oklahoma,0.5413322418662203,0.5425235856098584,0.0010643832384293894,-0.007032837306346726,0.009747030192236343,0.405,0.81
7,philadelphia,0.5092637957840414,0.5122795026385202,0.002867528808558062,-0.0037967728533009307,0.010397607522000106,0.223,0.446
7,phoenix,0.4474707802958215,0.45302160725399965,0.005701399486385067,-0.0012346393472181941,0.012136222982423908,0.053,0.106
7,portland,0.53024074543978,0.529458624621068,-6.516677226495737e-4,-0.010956339810281967,0.009908661020624302,0.442,0.884
7,san_antonio,0.48579994719775343,0.48893995252378325,0.0032858558081081957,-0.004793679944594571,0.01054449517051738,0.216,0.432
7,san_diego,0.4994822508389206,0.49849005402124275,-9.611466454999829e-4,-0.008496270104539686,0.006211422426962523,0.383,0.766
7,san_francisco,0.5319743354412592,0.533435399978627,0.0014620147824409568,-0.007961696344045463,0.011755820824991974,0.379,0.758
7,san_jose,0.46342059992227425,0.4635712274137893,1.8183909643681995e-4,-0.009164170779118417,0.009413628524290871,0.483,0.966
7,seattle,0.5812663803707032,0.5787415375010783,-0.0025286711183709065,-0.012310271006802102,0.007814674481550004,0.296,0.592
8,austin,0.5610662213113349,0.5609711607742023,-5.18447975887959e-5,-0.00833703867724254,0.008997682367263607,0.495,0.99
8,boston,0.5175337021029356,0.5174527515372809,-8.205251295301252e-5,-0.010058465444395195,0.009278195388469239,0.494,0.988
8,charlotte,0.4588264325989209,0.45851231730534603,-1.5321891921726838e-4,-0.009168130162081048,0.008610024223406851,0.483,0.966
8,chicago,0.4898025238959343,0.4897896834451393,3.5951160863023635e-5,-0.004538760908565555,0.004618537297784842,0.494,0.988
8,columbus,0.5594826173373402,0.5595579724539285,6.024131495951934e-5,-0.008460539658726729,0.007967262823090739,0.493,0.986
8,dallas,0.44104295807399785,0.4412663665040509,2.3511856826347044e-4,-0.006845802178425033,0.006465086074844036,0.477,0.954
8,dc,0.6309257826373128,0.6305922135241977,-2.896593967112726e-4,-0.009708120474020275,0.0095671883298407,0.473,0.946
8,denver,0.5725608578395729,0.5724956575712756,-2.549674317272044e-4,-0.010885164839429622,0.010502106607878432,0.483,0.966
8,el_paso,0.45983809378457274,0.45974863621471146,-1.3776110719304624e-4,-0.011759971698106532,0.012239991378964058,0.486,0.972
8,fort_worth,0.4446030390232838,0.4443969831439545,-1.0444004090037762e-4,-0.00888738804990422,0.008907084892275001,0.493,0.986
8,houston,0.4616580130751814,0.46154176651195755,-1.5213917301226676e-4,-0.004872112452964976,0.004457499309753512,0.477,0.954
8,indianapolis,0.5319755868690739,0.5317954360816322,-2.762801214413746e-4,-0.009515274973861863,0.008747955504567344,0.479,0.958
8,jacksonville,0.5320761457996965,0.5321262429224466,4.514463117760714e-5,-0.009419396199678387,0.009383528284344434,0.493,0.986
8,la,0.42955302762935976,0.4295398411138828,1.0919343769574819e-4,-0.004483819643532357,0.004149130819900535,0.481,0.962
8,nashville,0.553900347110499,0.5539727234197065,7.817922546410339e-5,-0.010961054257478328,0.010690888746849573,0.491,0.982
8,nyc,0.4434363838838091,0.44349209795451416,6.990172088577884e-5,-0.003140333103333524,0.0030142291635512934,0.475,0.95
8,oklahoma,0.5415450646582591,0.5416660535800979,8.442099098016076e-5,-0.007649680750914126,0.008342050715206698,0.493,0.986
8,philadelphia,0.5091301766356986,0.5091723855165463,1.9158984156386616e-5,-0.00786346078174954,0.007099584734498004,0.499,0.998
8,phoenix,0.4473911344071096,0.44737420959461904,-4.626365991239334e-5,-0.006951995624373791,0.006938948669131712,0.488,0.976
8,portland,0.5302567974810295,0.5303042202872995,-8.643930223301011e-5,-0.010809831508770426,0.010730672975706393,0.488,0.976
8,san_antonio,0.4858336466283445,0.48593735832230867,2.529037029984915e-4,-0.00768425025724398,0.007858652184848757,0.475,0.95
8,san_diego,0.49967142111478347,0.4997468575126258,1.3710400390498645e-5,-0.007491017935609363,0.00712321710622953,0.499,0.998
8,san_francisco,0.5316776193405834,0.531772395443372,1.3331094387580844e-4,-0.009386922321108132,0.00890680798600309,0.487,0.974
8,san_jose,0.46328473121826735,0.4631955097695156,-3.220417002189335e-5,-0.008850458926932182,0.00889435608034452,0.493,0.986
8,seattle,0.581065862007093,0.581282139122554,3.8238955828462373e-4,-0.009240408363281914,0.01061288071742249,0.471,0.942
9,austin,0.47632013483082747,0.4742064945737836,-0.0018136558148473814,-0.012438274063587757,0.008874506719511099,0.361,0.722
9,boston,0.45243679850483154,0.44996803880596714,-0.0024739774600968656,-0.012853129770940953,0.008233440070992958,0.335,0.67
9,charlotte,0.5062990006204675,0.5043803606988468,-0.0018054325222669476,-0.011952126164898618,0.007468481033140978,0.349,0.698
9,chicago,0.5119036974336211,0.5116826806040566,-2.2969242206416496e-4,-0.005185869204163581,0.00485664799856679,0.469,0.938
9,columbus,0.5598091680444708,0.5580004677415609,-0.0015746570028591922,-0.010724311096969363,0.007240584087871873,0.362,0.724
9,dallas,0.468707534537561,0.46578953075043295,-0.002775768749018276,-0.010073004321688245,0.004786510848979352,0.247,0.494
9,dc,0.5059728876192664,0.5034178886615835,-0.0024375896630093874,-0.013378759105472923,0.009299176719740312,0.328,0.656
9,denver,0.4856959297373802,0.4831886436361354,-0.0022527137419696697,-0.015110101353942404,0.009904760812179593,0.352,0.704
9,el_paso,0.4862819806645562,0.4823440066326922,-0.003993255363189785,-0.016376295432076592,0.008972349456074393,0.286,0.572
9,fort_worth,0.5036545609602698,0.5009118500348972,-0.0027098285757023444,-0.012535001595896838,0.007992115636233758,0.298,0.596
9,houston,0.4783863985082928,0.4758903458043239,-0.0027099597900868966,-0.0073397424095842595,0.0025207355737387107,0.166,0.332
9,indianapolis,0.5364506976707435,0.5351839230486308,-0.001287565913079547,-0.010963738075744833,0.008265867837962284,0.396,0.792
9,jacksonville,0.5375626979161705,0.5362097926913635,-0.0012859368800351434,-0.011812670299338333,0.009347454014296866,0.402,0.804
9,la,0.44062269408177424,0.43830409860474684,-0.002281272799820322,-0.007194794604360583,0.003041106451628113,0.21,0.42
9,nashville,0.5193805950730301,0.5183089914633383,-0.00110127621374001,-0.01273705805521512,0.011147042512428993,0.429,0.858
9,nyc,0.44515628793912,0.44361008738361896,-0.001553202337309545,-0.00492546002455734,0.0017716012758939759,0.184,0.368
9,oklahoma,0.5225655019256181,0.5204075309007767,-0.002016728387925548,-0.011882924901575486,0.007420997769076005,0.345,0.69
9,philadelphia,0.5192748775403815,0.5169993388829668,-0.00235423789284539,-0.010107745501612595,0.006059068990150029,0.314,0.628
9,phoenix,0.4904638882336372,0.4879558641643677,-0.0024849008783753568,-0.010127837026890784,0.005957576193848685,0.28,0.56
9,portland,0.508588313085023,0.5065855373626837,-0.0020521782336450634,-0.015453942288171058,0.009167069226562212,0.371,0.742
9,san_antonio,0.4980454391567285,0.49437127214196713,-0.003304004879738892,-0.011987165102951945,0.005174303694111946,0.214,0.428
9,san_diego,0.48735894604558716,0.484732593242151,-0.0025529772374273396,-0.010861610240369126,0.005755945961178295,0.27,0.54
9,san_francisco,0.42325779252925144,0.42090199325110433,-0.0024407034043041342,-0.013015225423927254,0.008471888715060836,0.329,0.658
9,san_jose,0.44440015945217004,0.44252579926294455,-0.001875941077833232,-0.012127991250930536,0.008719201249969347,0.373,0.746
9,seattle,0.4871962279073565,0.4847613529156891,-0.0025013071078991977,-0.014492255563889734,0.00917178938515154,0.33,0.66
10,austin,0.4762736488786,0.47408534531958524,-0.001766065359368435,-0.012139167478338937,0.00762467531384573,0.35,0.7
10,boston,0.4521784920033514,0.4508233553678834,-0.0014041538667474152,-0.01207150571199631,0.009490718399952913,0.39,0.78
10,charlotte,0.506354819119877,0.5055432410610123,-9.703535484472114e-4,-0.010879208435126691,0.009290539290055402,0.407,0.814
10,chicago,0.5118115720807279,0.5200474175457919,0.008204164211865927,0.0027530330589841585,0.013392541919243956,0,0
10,columbus,0.5595786307913286,0.5605870051878655,9.370980704157539e-4,-0.00814327298133304,0.009942012287371025,0.428,0.856
10,dallas,0.46851546423525825,0.4676436998792009,-9.64677226649141e-4,-0.008217115801353325,0.007027276945560056,0.4,0.8
10,dc,0.5056054319906267,0.5058267906923797,2.7023209634025047e-4,-0.011154412393611066,0.011304680417278386,0.481,0.962
10,denver,0.48598529966876647,0.4838366709019706,-0.0020701056184946054,-0.014031699508858061,0.010574437278817935,0.378,0.756
10,el_paso,0.4863693376907519,0.48175267194958216,-0.004612482506644255,-0.018067339939531718,0.008746209733026518,0.229,0.458
10,fort_worth,0.5038492791525508,0.5009009154405406,-0.0030454703560648944,-0.013176836474245054,0.008361767887564629,0.275,0.55
10,houston,0.4784132186275152,0.47808451626356996,-3.0444615576791234e-4,-0.00550977099572729,0.0050046853693405564,0.461,0.922
10,indianapolis,0.5365983340213605,0.5366523125052123,2.428266485904329e-5,-0.010041909424291055,0.010221072291046795,0.498,0.996
10,jacksonville,0.5376595026239622,0.5378414453622907,2.319684838429925e-4,-0.010831163445035765,0.011463131300799461,0.489,0.978
10,la,0.4404653582199058,0.44203644602929315,0.0015418374695581327,-0.0032810191564574607,0.006396600475734411,0.257,0.514
10,nashville,0.5193958610520535,0.5202079016306755,8.845988893955159e-4,-0.011525815766891956,0.012737756982969963,0.447,0.894
10,nyc,0.44515197412627117,0.44716830307784683,0.0020061597095812345,-0.0013150854407444304,0.00525761499584133,0.131,0.262
10,oklahoma,0.5225956771679205,0.5212965300777215,-0.0014169762923844642,-0.01194177408042312,0.007659846262151589,0.384,0.768
10,philadelphia,0.519207984942047,0.5211050831146805,0.00207044449181204,-0.006302435903027909,0.010266403525868774,0.335,0.67
10,phoenix,0.4904074298756745,0.48938136049510805,-9.533299493908187e-4,-0.008930114659373966,0.0063465406451657215,0.404,0.808
10,portland,0.5086788368827371,0.5076475819248054,-0.0010204691755492101,-0.012871276853006732,0.010362698138452125,0.441,0.882
10,san_antonio,0.4975755466971524,0.4966222847437185,-7.103785175484878e-4,-0.009710515218726217,0.007417753152251036,0.427,0.854
10,san_diego,0.4871886986669145,0.48738467802834884,4.6296975206555624e-5,-0.008716874927282911,0.007871062063536745,0.498,0.996
10,san_francisco,0.42316610792212783,0.42306553206568775,-3.64710966635734e-4,-0.00933956710481164,0.011076130391948595,0.475,0.95
10,san_jose,0.4443558744981533,0.4453337421831101,0.0011490765126050406,-0.008617597311949755,0.011418004926249222,0.422,0.844
10,seattle,0.48730838433347834,0.4848559486855547,-0.002396079010615948,-0.014218612846691151,0.0091670477165627,0.353,0.706
11,austin,0.4762687312889029,0.473392641055017,-0.002696657804648922,-0.013161892861784517,0.006993077430361082,0.275,0.55
11,boston,0.4522759797980102,0.4451732264482947,-0.007143856088379752,-0.01963302478907098,0.0037254620304376174,0.121,0.242
11,charlotte,0.5060357419922177,0.5063953241040546,3.458385195697633e-4,-0.009649565391765742,0.010658689166342456,0.469,0.938
11,chicago,0.5117967628978863,0.529158457196774,0.017389459773299365,0.012123259017237906,0.02254196093175427,0,0
11,columbus,0.5598308495959061,0.5623193193728356,0.0024807517633707588,-0.0066825338754903955,0.011969659761963005,0.309,0.618
11,dallas,0.4683144454006613,0.4628886290700758,-0.0055774913795001435,-0.013825797832930423,0.0023719143941194434,0.069,0.138
11,dc,0.5054807529241316,0.5051240410700828,-2.4433605759976995e-4,-0.011083200416227505,0.011013527515178348,0.482,0.964
11,denver,0.4856830255729666,0.479540958368736,-0.006177183962298549,-0.018617956864161057,0.006728321966326037,0.16,0.32
11,el_paso,0.4860780683349273,0.48336146617552034,-0.0027390355269546196,-0.015737432981440588,0.010364653851328601,0.332,0.664
11,fort_worth,0.5037590358223456,0.4979110165683197,-0.005451708203244476,-0.015543704132544944,0.0049137047249167,0.14,0.28
11,houston,0.47835472011444935,0.4760318074085965,-0.00244729420285264,-0.007688404398879483,0.0028667325186549747,0.201,0.402
11,indianapolis,0.5365117232537034,0.5374130822659273,9.827712863629268e-4,-0.00897895172963567,0.011199058078084934,0.418,0.836
11,jacksonville,0.5378126696460128,0.5393517947709136,0.0016015926774287648,-0.010164235637984725,0.012748906750981837,0.395,0.79
11,la,0.44051418377425033,0.44150945067369385,9.558776050595796e-4,-0.003959202887565969,0.006333305802705465,0.349,0.698
11,nashville,0.519372599635967,0.5198511702831905,2.8965877526471173e-4,-0.012162984901080733,0.01233337114529279,0.476,0.952
11,nyc,0.4451864993980006,0.448890316789483,0.0036371860338352824,4.5048195283833723e-4,0.007127570827684028,0.017,0.034
11,oklahoma,0.5227727827362734,0.5209227218317566,-0.0018897423717630923,-0.012285045153331814,0.00869671627914204,0.37,0.74
11,philadelphia,0.5193712937545341,0.5234961023761707,0.004273328355405337,-0.004563285100641209,0.011619135699755222,0.181,0.362
11,phoenix,0.49044508833927425,0.48845233378164776,-0.0022314922092043776,-0.009661516664530682,0.004949250621078986,0.299,0.598
11,portland,0.508791562998076,0.5076808647614934,-0.001378384130375998,-0.013103738864200725,0.011479781136331833,0.408,0.816
11,san_antonio,0.49774605970212593,0.4978770376825301,1.7501030094430048e-4,-0.008851961439033842,0.008812350287004004,0.486,0.972
11,san_diego,0.48738048244074955,0.49351651368840355,0.00617236436144869,-0.0014027658678576439,0.014320871644131719,0.058,0.116
11,san_francisco,0.4233015753437077,0.417808937082178,-0.005463377563020316,-0.015679616661411086,0.004627702395096419,0.155,0.31
11,san_jose,0.4445218770385232,0.44630007775060276,0.0017823975194320996,-0.007912320227807057,0.01204686837174902,0.367,0.734
11,seattle,0.48739453635192653,0.48355492976785575,-0.003871107873310603,-0.01592551310074213,0.008700549072126982,0.257,0.514
12,austin,0.4762172723849761,0.47612139014952004,5.1134506574512795e-5,-0.009652079793463508,0.009840935802376355,0.494,0.988
12,boston,0.4516744023646317,0.45236619193098004,4.5025373693846626e-4,-0.010620499393886953,0.010749460026634834,0.475,0.95
12,charlotte,0.506154019010905,0.5060698904007093,6.112248426537459e-5,-0.009714666386033572,0.010394025826506429,0.497,0.994
12,chicago,0.5117680980554975,0.5118446565375294,-9.074360603178455e-5,-0.0054216816533243315,0.005261397210988667,0.484,0.968
12,columbus,0.5598685187264607,0.5596722031282108,2.3110431181194713e-5,-0.009595259855207303,0.009306555808502471,0.498,0.996
12,dallas,0.46844759891818233,0.46847366649613403,1.3227058753922938e-4,-0.007791287162993316,0.008520008921897174,0.483,0.966
12,dc,0.5054642465786889,0.5056273411468968,-3.578264424436983e-4,-0.011508088461075474,0.011972851212832591,0.483,0.966
12,denver,0.48545704592190575,0.48585553486536803,2.2739159264759112e-4,-0.012748043622954636,0.012664915528882366,0.488,0.976
12,el_paso,0.48620049385381564,0.48609778934858816,8.023434323378709e-6,-0.013005967194026228,0.01328209917479925,0.499,0.998
12,fort_worth,0.5038910268068588,0.5040309607818722,2.602810260646238e-4,-0.01000892320861631,0.009938727499573549,0.484,0.968
12,houston,0.4784806441538738,0.47839580818300675,-1.2466397479571345e-4,-0.005077241719935485,0.005259005020923319,0.481,0.962
12,indianapolis,0.5363994844070341,0.5363131445422048,7.997224176253814e-5,-0.009495350967427024,0.010540691513803711,0.496,0.992
12,jacksonville,0.5377507731060959,0.5376346213050889,1.3038530777664814e-5,-0.011694239616822442,0.011153280110194534,0.499,0.998
12,la,0.4404834005512212,0.4404980723307773,1.719472667754962e-5,-0.005252092403241126,0.00525673765260738,0.499,0.998
12,nashville,0.5193146303078421,0.5192405092743541,-9.494252897168654e-5,-0.01252716858920074,0.011383304741430884,0.493,0.986
12,nyc,0.44515575926510786,0.44516747560839476,-6.214929382558632e-5,-0.0035825087427896695,0.0033183276936043725,0.486,0.972
12,oklahoma,0.5223417409935496,0.5225625186886277,2.5677471819218756e-4,-0.009900845118084894,0.009633710008838605,0.484,0.968
12,philadelphia,0.519289778682442,0.5191069653176263,-2.247868330564895e-4,-0.008385148427842748,0.008027893861026935,0.477,0.954
12,phoenix,0.49060866431000566,0.4905222939661221,1.5844971370765348e-4,-0.007701158482292853,0.007653472244906304,0.49,0.98
12,portland,0.5085121768668532,0.5087138817701404,2.498086162066593e-4,-0.011972249798513619,0.011961599940615495,0.492,0.984
12,san_antonio,0.4978183298183028,0.49773888229693675,-1.5921013531464134e-4,-0.008299151615937337,0.008683244787878752,0.484,0.968
12,san_diego,0.48733101962182035,0.4874398308843972,1.76359845642321e-4,-0.008438412228670207,0.008526279765585522,0.482,0.964
12,san_francisco,0.42308289746992495,0.4231356155826578,1.826771692340634e-4,-0.010508203368958998,0.010820764087143771,0.483,0.966
12,san_jose,0.4443869785596977,0.4444561215743976,6.919217559991919e-5,-0.010057397991926027,0.009563150822913456,0.492,0.984
12,seattle,0.48727006730125755,0.4873524723880622,7.213067422046082e-6,-0.011259018388034284,0.011196812016579447,0.499,0.998
13,austin,0.6666648506124252,0.6732435628343743,0.007103481255078314,-0.012950422317684394,0.027796910540149846,0.235,0.47
13,boston,0.5778021662239066,0.5805234252281344,0.003189318883533465,-0.021519721048751245,0.026159605994203975,0.392,0.784
13,charlotte,0.4154958707536023,0.41214111849345436,-0.0031638364843883937,-0.025836792401408404,0.017323737430469163,0.369,0.738
13,chicago,0.3792236691569078,0.3856450639789147,0.006499655721309033,-0.004816631076862026,0.017513984177332225,0.136,0.272
13,columbus,0.5896870063060201,0.5998903163869727,0.0105274740354242,-0.008978756715991784,0.0312890437090066,0.159,0.318
13,dallas,0.3741113900499772,0.37542277774621546,0.0018203447145704321,-0.014395814792168109,0.016460055251291256,0.411,0.822
13,dc,0.6547459846313133,0.6792822442864421,0.024108459862713816,0.0014589991326681487,0.04797139360614338,0.019,0.038
13,denver,0.5475752175185009,0.551373879193829,0.0039005478377792113,-0.023638566796916078,0.02965798835457952,0.378,0.756
13,el_paso,0.32073579074335934,0.32490166188399805,0.00384593774958758,-0.02456446961584461,0.02978459393857734,0.386,0.772
13,fort_worth,0.38199239267260887,0.38258891770805603,-1.1310759108759671e-4,-0.02014066901028715,0.020440126784505883,0.493,0.986
13,houston,0.4545114191291617,0.4545725395002249,1.3064237727114514e-4,-0.011766574481746854,0.011507278615576839,0.496,0.992
13,indianapolis,0.530086343257113,0.5340304829851376,0.004000188675742589,-0.01915946282144222,0.025774912484857932,0.369,0.738
13,jacksonville,0.4858319741999161,0.48566016501252984,-8.422811411265274e-4,-0.024008945469759332,0.02624731742651035,0.477,0.954
13,la,0.3240732594761979,0.343122368795608,0.018951197850615664,0.00908899562859692,0.02843086380112654,0,0
13,nashville,0.5536686808347372,0.5561822037430795,0.0026672773288607954,-0.023205495125630457,0.031001796681528023,0.415,0.83
13,nyc,0.30698541432437,0.32673923529812987,0.019766212288623353,0.013238908075478673,0.02653208918035066,0,0
13,oklahoma,0.48644995597103596,0.49042302199727167,0.004270616770139485,-0.018364299935567586,0.025538595094180508,0.367,0.734
13,philadelphia,0.45082063711539716,0.4615730501914701,0.010894112949811574,-0.008855689106306136,0.029393222375099472,0.144,0.288
13,phoenix,0.3961605374929748,0.4029741707258111,0.006659232655867292,-0.009006010189718212,0.023290819124550586,0.192,0.384
13,portland,0.5380628613036007,0.5456201623787218,0.007961658137957794,-0.01847959745763319,0.034843681571722476,0.302,0.604
13,san_antonio,0.38490292718481045,0.38841004858391864,0.0035241928182349613,-0.016408731527524523,0.021063594113293758,0.362,0.724
13,san_diego,0.4154419149473536,0.41895373980856354,0.0037717586750919962,-0.013968136713354897,0.02211012111726459,0.352,0.704
13,san_francisco,0.537089544123661,0.547803348478245,0.010624179711231363,-0.013711444800026317,0.034620850096396566,0.202,0.404
13,san_jose,0.36026157633065115,0.36311288663446895,0.0023216612181051477,-0.017268570869441894,0.0235217266435918,0.401,0.802
13,seattle,0.599173921551927,0.6096621390991025,0.0107213920556114,-0.016727320063099814,0.034864343986116875,0.221,0.442
14,austin,0.6665511965626729,0.6906169983208693,0.02395197317336184,0.004495608584607223,0.04461874149014687,0.013,0.026
14,boston,0.578553533508269,0.5932233008013736,0.014593834845670728,-0.010851676251412477,0.03948052677985076,0.125,0.25
14,charlotte,0.4152789084236419,0.427507731211745,0.012208950665958118,-0.010297991410326052,0.03415365180482961,0.139,0.278
14,chicago,0.3794076363321439,0.4200545894735183,0.04096023471813226,0.02983887152341788,0.05227023679446096,0,0
14,columbus,0.5902141390013225,0.622249567052853,0.03194490846845205,0.011756151157230907,0.05317966056355587,0,0
14,dallas,0.37402474819706344,0.38601575673225486,0.011641759071245122,-0.004770402363298225,0.027868144688798828,0.08,0.16
14,dc,0.655455266377815,0.6582044686119015,0.0034859017987611263,-0.01978132964911632,0.025391490882699024,0.388,0.776
14,denver,0.5473265579461483,0.5783600109194558,0.03106825488474213,0.005620727807287485,0.058695452287474074,0.009,0.018
14,el_paso,0.3205114097635511,0.33886282886685537,0.018302693219156507,-0.007983678809764545,0.04423888786063018,0.092,0.184
14,fort_worth,0.3827253955244264,0.4013217489594392,0.01882256013705358,-0.003451734888594508,0.03903707276207834,0.049,0.098
14,houston,0.4546837410745593,0.46043390034306625,0.00587808398932374,-0.005440773343790045,0.01690003039349041,0.145,0.29
14,indianapolis,0.5293834039949041,0.5555616789775647,0.025725879484803538,0.0032889362374012997,0.04764936721759844,0.012,0.024
14,jacksonville,0.4853930589953199,0.5095307722578195,0.024270938630991168,5.612429603831617e-4,0.04705530256089816,0.023,0.046
14,la,0.3236939565266237,0.3214706217432485,-0.0026379646487651176,-0.011997463728539024,0.008113395941875491,0.316,0.632
14,nashville,0.5537589404679963,0.5697381710756768,0.015595520330669743,-0.0118509090148074,0.0451267613348966,0.133,0.266
14,nyc,0.3068776664890294,0.3530469072953592,0.046049917249254724,0.0392057682801342,0.05346444042644292,0,0
14,oklahoma,0.4873829514460026,0.4935789964347522,0.0064486118804786274,-0.016190206551193704,0.026718248420845418,0.299,0.598
14,philadelphia,0.45063857031870147,0.4864124418388047,0.03587030493602364,0.018207088559575844,0.05489170491615732,0,0
14,phoenix,0.39602558935712723,0.42993772590393164,0.0338553545764729,0.01833870883295238,0.05099808624256832,0,0
14,portland,0.5381250718579293,0.5501301717704634,0.012210939660748432,-0.014356816693268168,0.03922644877783948,0.185,0.37
14,san_antonio,0.3847885507639617,0.41081634337608974,0.026570421539756,0.007881758559787618,0.044602123755837914,0.002,0.004
14,san_diego,0.41545254107616425,0.42263351625373313,0.0072293948421696674,-0.011640693017472949,0.023386296007231126,0.224,0.448
14,san_francisco,0.536856060352108,0.5455049110467969,0.009018922719339628,-0.01652071057203428,0.034134482790835176,0.222,0.444
14,san_jose,0.3605463673654402,0.3750148886023532,0.01421350089657658,-0.006386650391599753,0.03554674352147821,0.086,0.172
14,seattle,0.6000917796720293,0.6246585445827463,0.024498584032383253,6.456575705482084e-4,0.04908523337700257,0.024,0.048
15,austin,0.6664266386731722,0.6669283183977206,2.442011471388006e-4,-0.020643170894030453,0.020597686362110866,0.491,0.982
15,boston,0.5778268147098318,0.5843711508560225,0.006528106332103267,-0.016927189289570776,0.03242776197095592,0.311,0.622
15,charlotte,0.41529861467069984,0.4274968252625877,0.01217531763489721,-0.00960430969406462,0.03262820042414323,0.133,0.266
15,chicago,0.3790645589439352,0.39734302323584136,0.018371575253960826,0.006600351427343393,0.029558541837704042,0.003,0.006
15,columbus,0.5894602678055416,0.5899084866865791,6.205478936103792e-4,-0.018713918678230246,0.02099646697576271,0.47,0.94
15,dallas,0.3742125665306679,0.3849148647587317,0.010507380191728533,-0.005907804646748859,0.028973610457624623,0.097,0.194
15,dc,0.6539789912924501,0.611739240775582,-0.04212467394058228,-0.06749170479645931,-0.017423949946077887,0,0
15,denver,0.5470075417262418,0.558444323077106,0.012008377034763373,-0.015072816187027932,0.036406950251234936,0.193,0.386
15,el_paso,0.32184876027291387,0.32353118731652564,0.0024158249711681568,-0.023121425503455462,0.02741860986919147,0.435,0.87
15,fort_worth,0.3815089301581236,0.3967915375541043,0.014646968133938676,-0.006763083176171391,0.03600552586426155,0.082,0.164
15,houston,0.45448343929457335,0.46819926829029257,0.013638801488013469,0.0017441072284849468,0.02459969620848529,0.012,0.024
15,indianapolis,0.5298703525415391,0.5338070124956114,0.004272831668077515,-0.019431323985459634,0.027533264205587837,0.357,0.714
15,jacksonville,0.48532261541667043,0.49457292167753075,0.009168702041105509,-0.015724658170272656,0.033269046209542755,0.243,0.486
15,la,0.3240086545968045,0.3145563209669267,-0.00904810337649381,-0.019347230463982724,5.294648294386319e-4,0.034,0.068
15,nashville,0.5529800677613226,0.5532538399610816,-7.823037994419968e-5,-0.028940312305851583,0.026839793987581295,0.498,0.996
15,nyc,0.30681909840443033,0.3010102365784838,-0.005866071741744638,-0.012725491062237264,0.0010321244089980673,0.053,0.106
15,oklahoma,0.48612182575860674,0.4931260294630664,0.006890007037221174,-0.015440749704881998,0.028826348197321775,0.27,0.54
15,philadelphia,0.4515010565630556,0.4574041119840019,0.00557799614410448,-0.01166311557565212,0.02439987085480501,0.249,0.498
15,phoenix,0.3958783341454893,0.41280017010662184,0.017015821728001923,4.2928005759032995e-4,0.033234884546738175,0.022,0.044
15,portland,0.5373724775865725,0.5348358325811347,-0.0032115595061235624,-0.029042701123187884,0.02458399585770794,0.411,0.822
15,san_antonio,0.38455748682534513,0.3994965979177122,0.014781331456084457,-0.0022276809540733703,0.033792553195397625,0.046,0.092
15,san_diego,0.4155620328884778,0.42193253441696577,0.006756492351811,-0.011252703425944343,0.024021618868664302,0.232,0.464
15,san_francisco,0.5364629273769896,0.5329889059568236,-0.0035230223468243893,-0.027743065792736655,0.02099827731997171,0.366,0.732
15,san_jose,0.36014110684197687,0.36569775199007204,0.005364003583704313,-0.015214265618732393,0.026000806610107428,0.302,0.604
15,seattle,0.6002681301909238,0.597176744075026,-0.002912344094214925,-0.026977956432538613,0.023826695404128597,0.404,0.808
16,austin,0.6667726489710571,0.665971601636163,-0.0010982791023647076,-0.01937822653466063,0.02090971089866254,0.469,0.938
16,boston,0.5777523764746326,0.5768974509225631,-5.056188120006744e-4,-0.024541305437410576,0.025829851221648627,0.487,0.974
16,charlotte,0.4159942488331375,0.41528464450382874,-4.8318202641656205e-4,-0.021721386496977,0.022120765824327066,0.483,0.966
16,chicago,0.3789874511082528,0.37902478252427774,2.40867584214155e-6,-0.011289231188711113,0.011751978723361832,0.5,1
16,columbus,0.5897734390691718,0.5895741127232803,-5.863184510281338e-4,-0.021190859918426192,0.0196757716202324,0.482,0.964
16,dallas,0.37420140428896814,0.3745225885857103,1.1089873861153121e-4,-0.01569736349074773,0.014513295219863736,0.491,0.982
16,dc,0.6549534754468931,0.6542851134867999,-5.375800981850531e-4,-0.02385566442324099,0.021251462100480255,0.483,0.966
16,denver,0.5469467162355676,0.5463846962370205,-6.651247823235562e-4,-0.02817831502232612,0.026496955134649,0.476,0.952
16,el_paso,0.3205813446268415,0.3206317155073222,1.0796653456826566e-4,-0.027086400401041915,0.02631650314528282,0.497,0.994
16,fort_worth,0.3822429690432466,0.38192028130615174,3.3775657954648874e-4,-0.0202614122295597,0.02031421745254401,0.484,0.968
16,houston,0.4542504239594955,0.4547336712795572,1.1586853083056514e-4,-0.0107961995116978,0.012026843127623681,0.483,0.966
16,indianapolis,0.5298475071758582,0.5297371666739186,-8.102149781152868e-5,-0.021946197505414614,0.023801990594435503,0.496,0.992
16,jacksonville,0.4846556040967699,0.4849077627845037,2.9401632951570056e-4,-0.024140646926591302,0.023530314497941043,0.492,0.984
16,la,0.32414283677713673,0.3235317150434419,-4.845644316916753e-4,-0.010358251309255415,0.010488517632639586,0.468,0.936
16,nashville,0.5533557552633578,0.5536665078948866,1.721973975106761e-4,-0.029696394221665548,0.028991801964979576,0.493,0.986
16,nyc,0.3067679091879063,0.3067040045650347,5.516923797582729e-5,-0.006262105428977788,0.006607445272478056,0.496,0.992
16,oklahoma,0.4867298526775272,0.4865875553399458,-1.2529844180977912e-4,-0.020860794136298235,0.02053985895088324,0.496,0.992
16,philadelphia,0.4505400341836633,0.45148224192797604,4.717844551967165e-4,-0.017808918362920846,0.018527370394122028,0.478,0.956
16,phoenix,0.39599816057121373,0.3960842162244864,4.320393256414534e-4,-0.016566938174617806,0.017858638215154824,0.478,0.956
16,portland,0.5383047110943011,0.5379492343173797,-1.736287154395777e-4,-0.028781581788324916,0.025300391798982923,0.493,0.986
16,san_antonio,0.38463901543481765,0.3842283383667747,-3.5148103137017106e-4,-0.019276903917002455,0.018160339461825166,0.487,0.974
16,san_diego,0.4154919227559314,0.41596057253679725,2.6381837705855005e-4,-0.01806669153804697,0.018891059822715887,0.486,0.972
16,san_francisco,0.5368924415498156,0.5361305787356808,8.705787145751875e-5,-0.02266852593135035,0.023679306408798045,0.494,0.988
16,san_jose,0.36038791388702773,0.3606373942357123,1.3492704855633253e-4,-0.020878284373445903,0.021924268568721778,0.493,0.986
16,seattle,0.5993165389613017,0.6000019323571943,9.614693322007595e-5,-0.023532707720538327,0.02443810732563015,0.495,0.99
17,austin,0.5344046125589912,0.533286447617819,-0.001326563214167853,-0.01899269097714599,0.01884309793168194,0.444,0.888
17,boston,0.5127523918316048,0.5104362684261684,-0.002070373486335708,-0.023554160934990596,0.02107810922486595,0.432,0.864
17,charlotte,0.45618146479187466,0.45574501679356205,-2.253420818604246e-4,-0.019469905042446542,0.01983631255202652,0.491,0.982
17,chicago,0.5911473382463244,0.5898764533017071,-0.0010119228968317184,-0.01128233011305289,0.008378469365389007,0.424,0.848
17,columbus,0.5412177131982472,0.5403902667925902,-8.534801050302798e-4,-0.01852703982440076,0.014535766094902647,0.466,0.932
17,dallas,0.48242330802309363,0.4813276904355971,-0.0011538186423553087,-0.016175465242905734,0.013687258075035425,0.44,0.88
17,dc,0.7284172876170263,0.7274539649288191,-0.0011789141895152677,-0.019344346875924644,0.017018922065881677,0.448,0.896
17,denver,0.6804104783314666,0.6804679392990503,-3.384080070567008e-4,-0.020669672705978005,0.020030480991044472,0.487,0.974
17,el_paso,0.5739446267609267,0.573226065525787,-1.0346216588491552e-4,-0.022981423581008992,0.022308622324380176,0.497,0.994
17,fort_worth,0.45345072503742934,0.45231701010300107,-0.0013913097827961407,-0.019627143224368468,0.017758809079821046,0.448,0.896
17,houston,0.45160586123900104,0.4506770211746965,-8.54661766574033e-4,-0.011465734645841708,0.008354696765242175,0.429,0.858
17,indianapolis,0.531356515855723,0.5307141468445797,-0.0010233744554817847,-0.020027475619650837,0.018025760198550348,0.454,0.908
17,jacksonville,0.5760598208634362,0.575692417165757,-5.668239646426376e-4,-0.022558375337253116,0.01982401370491505,0.483,0.966
17,la,0.5211854304762067,0.5199491235456433,-0.0013056688398099814,-0.010889085351159034,0.008905197967987732,0.396,0.792
17,nashville,0.5962250498984947,0.5963020451411484,1.2326549491437078e-4,-0.024324772637432157,0.021403468531999113,0.497,0.994
17,nyc,0.5680226861032024,0.5669343553543784,-0.0011457821541848712,-0.007811621361618978,0.005144734458993943,0.369,0.738
17,oklahoma,0.6145584600336436,0.613573269550441,-8.853015082038174e-4,-0.01857099016819411,0.01772648782041902,0.462,0.924
17,philadelphia,0.5632004215616617,0.5617612417621094,-0.0012008764894959612,-0.015816336760573715,0.014205460445876446,0.429,0.858
17,phoenix,0.45961322143804,0.4582791417223785,-0.0013721079048326368,-0.016985646943474902,0.012855952075889975,0.41,0.82
17,portland,0.5431635737999445,0.5421602727570571,-0.0019483535741807168,-0.02365016433300737,0.021385788045989142,0.443,0.886
17,san_antonio,0.5764741955885501,0.5752338690758094,-0.0010940205006104153,-0.016455559988369978,0.014671218653517469,0.449,0.898
17,san_diego,0.5997023785551414,0.5988712911285161,-0.0010314138397271022,-0.01617070158810192,0.013021253574679863,0.439,0.878
17,san_francisco,0.6393842167242441,0.6378219964624829,-0.0011776400342132232,-0.019960052666299036,0.017694771866788063,0.448,0.896
17,san_jose,0.5879175446709436,0.5867474069693852,-0.0012359898252247703,-0.019025553286391432,0.01726306467848027,0.448,0.896
17,seattle,0.649102659008131,0.6480221287995263,-6.004681673374979e-4,-0.021706265835936094,0.019723891427361896,0.474,0.948
18,austin,0.53435213335179,0.531176525218894,-0.0028610312493935197,-0.02284844134094583,0.017366432054952294,0.383,0.766
18,boston,0.5119940541828368,0.5105634849973966,-0.0014734906408972737,-0.021306794645212707,0.019445804356805332,0.447,0.894
18,charlotte,0.4565601309637276,0.45840325686387695,0.0017756450417799607,-0.01696990386779973,0.0216373404841085,0.411,0.822
18,chicago,0.5906430341097758,0.5852971391492812,-0.005416906859832926,-0.015419220379755407,0.004201249219451031,0.136,0.272
18,columbus,0.5414152018560392,0.5375369539221526,-0.004330240251427031,-0.02081593222525507,0.0132340760172068,0.328,0.656
18,dallas,0.4820394395519334,0.48085914392222706,-0.0012072800022893682,-0.014789436322527449,0.014015546756502925,0.447,0.894
18,dc,0.7286020969247204,0.719407561249025,-0.009202482791717759,-0.0251531714102654,0.008470271444306897,0.175,0.35
18,denver,0.6813246075019463,0.670831080751247,-0.01014588459003396,-0.028497908408889463,0.009480370846675176,0.142,0.284
18,el_paso,0.5728828781871269,0.5642678717968979,-0.00821088661281244,-0.03425746478134282,0.013699529981490552,0.24,0.48
18,fort_worth,0.4535713404290421,0.4537429129445718,9.463188572367276e-5,-0.018281186484709742,0.019606663531444874,0.496,0.992
18,houston,0.45151268312747006,0.4519532076261851,1.8155829198576723e-4,-0.008033560574969319,0.009757212953658136,0.484,0.968
18,indianapolis,0.5308973423924941,0.5294446348460142,-0.0015498850283479637,-0.019904855408141915,0.017432768203675023,0.433,0.866
18,jacksonville,0.5760454085256212,0.5732151615972134,-0.0030368834921611354,-0.025419780857534095,0.019342139136380224,0.39,0.78
18,la,0.5209956531536704,0.5164966895941081,-0.004636072737767227,-0.014473539368577428,0.004811340134797921,0.176,0.352
18,nashville,0.5973437827650402,0.5935038891131373,-0.0032636351542369435,-0.026304678943271907,0.017913350413428127,0.376,0.752
18,nyc,0.5681429805299032,0.5629143323062611,-0.005260487011690185,-0.011960214282121106,0.0015091974665330458,0.068,0.136
18,oklahoma,0.6143668278190209,0.6091046657422656,-0.005271634499613542,-0.02223301033632021,0.010400692241360782,0.271,0.542
18,philadelphia,0.56361630440033,0.5600683340655868,-0.0033581208496179515,-0.01865885805069574,0.011919867790753194,0.333,0.666
18,phoenix,0.4589949790126963,0.45925913949772995,9.17678517242948e-5,-0.013956847841808324,0.015199654087993746,0.494,0.988
18,portland,0.5434020998149485,0.5408663617285041,-0.00300734205074793,-0.024956429549060983,0.01933282544423393,0.403,0.806
18,san_antonio,0.5763476320403739,0.569392504831463,-0.006918246221681468,-0.022677151508686273,0.00901532165552174,0.198,0.396
18,san_diego,0.600442012768981,0.5940734247472033,-0.006800750173173109,-0.021604361251253527,0.008381795305722911,0.205,0.41
18,san_francisco,0.6386438034991804,0.63202201204332,-0.007060559649476661,-0.025035042384849833,0.012137213274032933,0.238,0.476
18,san_jose,0.5876464497115175,0.5828714100353538,-0.005056338262804938,-0.023421365995373027,0.012515344069302553,0.307,0.614
18,seattle,0.6495242436747675,0.6423342587897793,-0.0070505674311194255,-0.027262025027798238,0.013274392109267646,0.252,0.504
19,austin,0.5344339714709279,0.5346816443703408,3.203788954081466e-5,-0.018607487967085067,0.019613133102961956,0.499,0.998
19,boston,0.5124739123851294,0.5115987190420094,-2.161534473336113e-4,-0.021355065846718483,0.021136243338732427,0.489,0.978
19,charlotte,0.4563354621584078,0.45596314108250335,-6.365130641924899e-4,-0.019366291271309493,0.01805921294164574,0.47,0.94
19,chicago,0.5907907933458353,0.5914139884309462,3.9052111572390746e-4,-0.009311785398255426,0.010144455936531961,0.469,0.938
19,columbus,0.5415108790754073,0.5409351351527971,-6.458639348171924e-4,-0.01742764053532113,0.016261339172319644,0.473,0.946
19,dallas,0.482273589374329,0.48142255102224263,-5.970362060943035e-4,-0.014607809086916227,0.012985818233939095,0.469,0.938
19,dc,0.7284658305166848,0.7302082109493792,0.0014330481480761548,-0.015265824074123167,0.019259659975956966,0.435,0.87
19,denver,0.6813150221976879,0.6824470161119776,0.001090025889910029,-0.020070432587410914,0.0222818870151463,0.461,0.922
19,el_paso,0.5730559284416099,0.5748801799936526,0.0020538453460012818,-0.02552652000377503,0.026027383926557117,0.439,0.878
19,fort_worth,0.4533462856721328,0.4517011020706724,-0.0013773377640391715,-0.01954262418200234,0.01625028924639854,0.424,0.848
19,houston,0.4516492520987686,0.4508827044462899,-5.622609382111565e-4,-0.011069910249331613,0.00896885319154778,0.452,0.904
19,indianapolis,0.531456363733486,0.530640605984259,-2.209583998525333e-4,-0.01994514714113462,0.018802284360959647,0.493,0.986
19,jacksonville,0.5772119562770124,0.57601098066458,-8.8069459993384e-4,-0.021597519167743284,0.019088454614403554,0.465,0.93
19,la,0.5212381837260063,0.5209732554816784,-0.00031450766846136124,-0.010321502960694043,0.008347127123958903,0.472,0.944
19,nashville,0.5969120676443171,0.5970496813543316,0.00025688213867747223,-0.02234626707142717,0.023042927463498737,0.492,0.984
19,nyc,0.5682454527033174,0.5689133242125737,7.304736069267403e-4,-0.005698883132040483,0.007199407358123187,0.407,0.814
19,oklahoma,0.6144234005902973,0.6153243697794256,6.733329100886976e-4,-0.017245111982385538,0.018378062760349645,0.476,0.952
19,philadelphia,0.5636489872437509,0.563233123187847,-6.877367854157823e-5,-0.015410812666187846,0.015826926585013484,0.493,0.986
19,phoenix,0.4593006599483609,0.4583758037842516,-8.50843711447058e-4,-0.014975475167835926,0.013945339660504187,0.447,0.894
19,portland,0.543632063976987,0.5432326077421816,-4.3329534808450587e-4,-0.022848803694267047,0.021964631457155808,0.484,0.968
19,san_antonio,0.5759300703701997,0.5769311743127743,9.24316506665912e-4,-0.014878790033939956,0.016461937925000805,0.444,0.888
19,san_diego,0.5999214394816134,0.6009128677041629,0.0010575762935035593,-0.012866864509505029,0.016183916055520182,0.45,0.9
19,san_francisco,0.6394090066436657,0.6400549166966034,0.001068951679136565,-0.017917597980076576,0.020234859633107158,0.457,0.914
19,san_jose,0.5881606659613641,0.5875825461280818,-6.135867995011313e-4,-0.017311852466289936,0.01764858916259888,0.473,0.946
19,seattle,0.6491182089940892,0.6499723687820682,0.001049423442747277,-0.019171738854148718,0.019473286344446776,0.454,0.908
20,austin,0.5343779358656964,0.5341687194996936,8.574687517687307e-5,-0.020034887760337676,0.01805931326653529,0.496,0.992
20,boston,0.5116818443196032,0.5121141676354047,2.792981582136478e-4,-0.021302742998258684,0.02115862855188517,0.487,0.974
20,charlotte,0.45710398702423094,0.4565411810580513,-1.5828112489707502e-5,-0.01978991753407236,0.019113576134055222,0.5,1
20,chicago,0.5906486186567839,0.5907775604111498,8.623117114248124e-6,-0.009886151698607097,0.010318848438662308,0.499,0.998
20,columbus,0.5412839666762181,0.5415787283587863,2.5270559659096303e-4,-0.017350817818577727,0.017356807428905715,0.491,0.982
20,dallas,0.48226459974764224,0.48218926806792134,1.1271737776410995e-4,-0.014232576643358932,0.014874898986547109,0.495,0.99
20,dc,0.728653540489268,0.7287931161485401,2.9500223260070513e-4,-0.015933462328699084,0.019048175129556352,0.488,0.976
20,denver,0.680498025080539,0.68102818099429,1.401355765468515e-4,-0.020416378366208868,0.019577917049992677,0.497,0.994
20,el_paso,0.573535831722237,0.5730304187792857,-4.5589117849026417e-4,-0.024890492762438557,0.02539089379779036,0.484,0.968
20,fort_worth,0.4530625598583007,0.4537892283040692,6.126814311202544e-4,-0.01829331611478749,0.01864331601137376,0.477,0.954
20,houston,0.45173963450214066,0.45174349327986607,1.8606764102893636e-4,-0.009795023404142587,0.009804144272299415,0.49,0.98
20,indianapolis,0.5318518861962864,0.5306548773035616,-0.0010303570952912011,-0.020319586274121542,0.019850640124924077,0.462,0.924
20,jacksonville,0.5763949376357065,0.5766621393508582,-6.629361002491452e-5,-0.021116882357062595,0.020641616013646287,0.498,0.996
20,la,0.521160280577996,0.5214669341037441,1.8980992773598437e-4,-0.008607310207828189,0.009332410696174914,0.477,0.954
20,nashville,0.596731965435749,0.5967962187663631,4.3537655439673806e-4,-0.022714281706701988,0.0242736455757571,0.483,0.966
20,nyc,0.5681554164268863,0.5682241985919021,-1.8725347659009905e-05,-0.006185106038446217,0.005813386169574461,0.498,0.996
20,oklahoma,0.6143115809116841,0.6147370149316085,4.808130635113317e-4,-0.01839722447943914,0.018376018408994253,0.48,0.96
20,philadelphia,0.5636407406106512,0.5634948719520425,-8.316586344592203e-5,-0.015755231297862455,0.014772946810113983,0.498,0.996
20,phoenix,0.4594144131471122,0.45961280205732047,4.660196590963728e-5,-0.01432003184238813,0.014204698247502933,0.499,0.998
20,portland,0.5431091704063883,0.5434318551446168,4.315181966330073e-4,-0.022588573198551815,0.023442772049195256,0.484,0.968
20,san_antonio,0.5764447560041929,0.5763925616957282,-1.6450166674270017e-4,-0.016113325451496307,0.01565086616536209,0.493,0.986
20,san_diego,0.5995750987971863,0.5998537678743736,1.903835977234425e-4,-0.01552110685038812,0.013750864740718825,0.489,0.978
20,san_francisco,0.6387216868098434,0.638693571023524,-3.404217435853951e-5,-0.019041615411037965,0.019336035441214948,0.499,0.998
20,san_jose,0.5879004320035653,0.5882972670805358,4.88581961004042e-4,-0.017638022344008006,0.017571520105057862,0.473,0.946
20,seattle,0.649284474417543,0.6492133382664707,-2.1322315768113054e-4,-0.01908689403075337,0.019001703608194188,0.491,0.982
